{
    "rmse": 0.7060676437850026,
    "mae": 0.5488552168935699,
    "r2": 0.322733663205121
}