{
    "rmse": 0.6981424104287985,
    "mae": 0.5498544980141198,
    "r2": 0.26150387751500215
}